title,content,source_url
A Light in the Attic,A Light in the Attic. Price: Â£51.77. Status: In stock,http://books.toscrape.com/
Tipping the Velvet,Tipping the Velvet. Price: Â£53.74. Status: In stock,http://books.toscrape.com/
Soumission,Soumission. Price: Â£50.10. Status: In stock,http://books.toscrape.com/
Sharp Objects,Sharp Objects. Price: Â£47.82. Status: In stock,http://books.toscrape.com/
Sapiens: A Brief History of Humankind,Sapiens: A Brief History of Humankind. Price: Â£54.23. Status: In stock,http://books.toscrape.com/
The Requiem Red,The Requiem Red. Price: Â£22.65. Status: In stock,http://books.toscrape.com/
The Dirty Little Secrets of Getting Your Dream Job,The Dirty Little Secrets of Getting Your Dream Job. Price: Â£33.34. Status: In stock,http://books.toscrape.com/
"The Coming Woman: A Novel Based on the Life of the Infamous Feminist, Victoria Woodhull","The Coming Woman: A Novel Based on the Life of the Infamous Feminist, Victoria Woodhull. Price: Â£17.93. Status: In stock",http://books.toscrape.com/
The Boys in the Boat: Nine Americans and Their Epic Quest for Gold at the 1936 Berlin Olympics,The Boys in the Boat: Nine Americans and Their Epic Quest for Gold at the 1936 Berlin Olympics. Price: Â£22.60. Status: In stock,http://books.toscrape.com/
The Black Maria,The Black Maria. Price: Â£52.15. Status: In stock,http://books.toscrape.com/
"Starving Hearts (Triangular Trade Trilogy, #1)","Starving Hearts (Triangular Trade Trilogy, #1). Price: Â£13.99. Status: In stock",http://books.toscrape.com/
Shakespeare's Sonnets,Shakespeare's Sonnets. Price: Â£20.66. Status: In stock,http://books.toscrape.com/
Set Me Free,Set Me Free. Price: Â£17.46. Status: In stock,http://books.toscrape.com/
Scott Pilgrim's Precious Little Life (Scott Pilgrim #1),Scott Pilgrim's Precious Little Life (Scott Pilgrim #1). Price: Â£52.29. Status: In stock,http://books.toscrape.com/
Rip it Up and Start Again,Rip it Up and Start Again. Price: Â£35.02. Status: In stock,http://books.toscrape.com/
"Our Band Could Be Your Life: Scenes from the American Indie Underground, 1981-1991","Our Band Could Be Your Life: Scenes from the American Indie Underground, 1981-1991. Price: Â£57.25. Status: In stock",http://books.toscrape.com/
Olio,Olio. Price: Â£23.88. Status: In stock,http://books.toscrape.com/
Mesaerion: The Best Science Fiction Stories 1800-1849,Mesaerion: The Best Science Fiction Stories 1800-1849. Price: Â£37.59. Status: In stock,http://books.toscrape.com/
Libertarianism for Beginners,Libertarianism for Beginners. Price: Â£51.33. Status: In stock,http://books.toscrape.com/
It's Only the Himalayas,It's Only the Himalayas. Price: Â£45.17. Status: In stock,http://books.toscrape.com/
In Her Wake,In Her Wake. Price: Â£12.84. Status: In stock,http://books.toscrape.com/
How Music Works,How Music Works. Price: Â£37.32. Status: In stock,http://books.toscrape.com/
"Foolproof Preserving: A Guide to Small Batch Jams, Jellies, Pickles, Condiments, and More: A Foolproof Guide to Making Small Batch Jams, Jellies, Pickles, Condiments, and More","Foolproof Preserving: A Guide to Small Batch Jams, Jellies, Pickles, Condiments, and More: A Foolproof Guide to Making Small Batch Jams, Jellies, Pickles, Condiments, and More. Price: Â£30.52. Status: In stock",http://books.toscrape.com/
Chase Me (Paris Nights #2),Chase Me (Paris Nights #2). Price: Â£25.27. Status: In stock,http://books.toscrape.com/
Black Dust,Black Dust. Price: Â£34.53. Status: In stock,http://books.toscrape.com/
Birdsong: A Story in Pictures,Birdsong: A Story in Pictures. Price: Â£54.64. Status: In stock,http://books.toscrape.com/
America's Cradle of Quarterbacks: Western Pennsylvania's Football Factory from Johnny Unitas to Joe Montana,America's Cradle of Quarterbacks: Western Pennsylvania's Football Factory from Johnny Unitas to Joe Montana. Price: Â£22.50. Status: In stock,http://books.toscrape.com/
Aladdin and His Wonderful Lamp,Aladdin and His Wonderful Lamp. Price: Â£53.13. Status: In stock,http://books.toscrape.com/
Worlds Elsewhere: Journeys Around Shakespeareâs Globe,Worlds Elsewhere: Journeys Around Shakespeareâs Globe. Price: Â£40.30. Status: In stock,http://books.toscrape.com/
Wall and Piece,Wall and Piece. Price: Â£44.18. Status: In stock,http://books.toscrape.com/
The Four Agreements: A Practical Guide to Personal Freedom,The Four Agreements: A Practical Guide to Personal Freedom. Price: Â£17.66. Status: In stock,http://books.toscrape.com/
The Five Love Languages: How to Express Heartfelt Commitment to Your Mate,The Five Love Languages: How to Express Heartfelt Commitment to Your Mate. Price: Â£31.05. Status: In stock,http://books.toscrape.com/
The Elephant Tree,The Elephant Tree. Price: Â£23.82. Status: In stock,http://books.toscrape.com/
The Bear and the Piano,The Bear and the Piano. Price: Â£36.89. Status: In stock,http://books.toscrape.com/
Sophie's World,Sophie's World. Price: Â£15.94. Status: In stock,http://books.toscrape.com/
Penny Maybe,Penny Maybe. Price: Â£33.29. Status: In stock,http://books.toscrape.com/
Maude (1883-1993):She Grew Up with the country,Maude (1883-1993):She Grew Up with the country. Price: Â£18.02. Status: In stock,http://books.toscrape.com/
"In a Dark, Dark Wood","In a Dark, Dark Wood. Price: Â£19.63. Status: In stock",http://books.toscrape.com/
Behind Closed Doors,Behind Closed Doors. Price: Â£52.22. Status: In stock,http://books.toscrape.com/
You can't bury them all: Poems,You can't bury them all: Poems. Price: Â£33.63. Status: In stock,http://books.toscrape.com/
Slow States of Collapse: Poems,Slow States of Collapse: Poems. Price: Â£57.31. Status: In stock,http://books.toscrape.com/
Reasons to Stay Alive,Reasons to Stay Alive. Price: Â£26.41. Status: In stock,http://books.toscrape.com/
Private Paris (Private #10),Private Paris (Private #10). Price: Â£47.61. Status: In stock,http://books.toscrape.com/
#HigherSelfie: Wake Up Your Life. Free Your Soul. Find Your Tribe.,#HigherSelfie: Wake Up Your Life. Free Your Soul. Find Your Tribe.. Price: Â£23.11. Status: In stock,http://books.toscrape.com/
Without Borders (Wanderlove #1),Without Borders (Wanderlove #1). Price: Â£45.07. Status: In stock,http://books.toscrape.com/
When We Collided,When We Collided. Price: Â£31.77. Status: In stock,http://books.toscrape.com/
"We Love You, Charlie Freeman","We Love You, Charlie Freeman. Price: Â£50.27. Status: In stock",http://books.toscrape.com/
Untitled Collection: Sabbath Poems 2014,Untitled Collection: Sabbath Poems 2014. Price: Â£14.27. Status: In stock,http://books.toscrape.com/
"Unseen City: The Majesty of Pigeons, the Discreet Charm of Snails & Other Wonders of the Urban Wilderness","Unseen City: The Majesty of Pigeons, the Discreet Charm of Snails & Other Wonders of the Urban Wilderness. Price: Â£44.18. Status: In stock",http://books.toscrape.com/
Unicorn Tracks,Unicorn Tracks. Price: Â£18.78. Status: In stock,http://books.toscrape.com/
"Unbound: How Eight Technologies Made Us Human, Transformed Society, and Brought Our World to the Brink","Unbound: How Eight Technologies Made Us Human, Transformed Society, and Brought Our World to the Brink. Price: Â£25.52. Status: In stock",http://books.toscrape.com/
Tsubasa: WoRLD CHRoNiCLE 2 (Tsubasa WoRLD CHRoNiCLE #2),Tsubasa: WoRLD CHRoNiCLE 2 (Tsubasa WoRLD CHRoNiCLE #2). Price: Â£16.28. Status: In stock,http://books.toscrape.com/
Throwing Rocks at the Google Bus: How Growth Became the Enemy of Prosperity,Throwing Rocks at the Google Bus: How Growth Became the Enemy of Prosperity. Price: Â£31.12. Status: In stock,http://books.toscrape.com/
This One Summer,This One Summer. Price: Â£19.49. Status: In stock,http://books.toscrape.com/
Thirst,Thirst. Price: Â£17.27. Status: In stock,http://books.toscrape.com/
The Torch Is Passed: A Harding Family Story,The Torch Is Passed: A Harding Family Story. Price: Â£19.09. Status: In stock,http://books.toscrape.com/
The Secret of Dreadwillow Carse,The Secret of Dreadwillow Carse. Price: Â£56.13. Status: In stock,http://books.toscrape.com/
"The Pioneer Woman Cooks: Dinnertime: Comfort Classics, Freezer Food, 16-Minute Meals, and Other Delicious Ways to Solve Supper!","The Pioneer Woman Cooks: Dinnertime: Comfort Classics, Freezer Food, 16-Minute Meals, and Other Delicious Ways to Solve Supper!. Price: Â£56.41. Status: In stock",http://books.toscrape.com/
The Past Never Ends,The Past Never Ends. Price: Â£56.50. Status: In stock,http://books.toscrape.com/
The Natural History of Us (The Fine Art of Pretending #2),The Natural History of Us (The Fine Art of Pretending #2). Price: Â£45.22. Status: In stock,http://books.toscrape.com/
The Nameless City (The Nameless City #1),The Nameless City (The Nameless City #1). Price: Â£38.16. Status: In stock,http://books.toscrape.com/
The Murder That Never Was (Forensic Instincts #5),The Murder That Never Was (Forensic Instincts #5). Price: Â£54.11. Status: In stock,http://books.toscrape.com/
The Most Perfect Thing: Inside (and Outside) a Bird's Egg,The Most Perfect Thing: Inside (and Outside) a Bird's Egg. Price: Â£42.96. Status: In stock,http://books.toscrape.com/
"The Mindfulness and Acceptance Workbook for Anxiety: A Guide to Breaking Free from Anxiety, Phobias, and Worry Using Acceptance and Commitment Therapy","The Mindfulness and Acceptance Workbook for Anxiety: A Guide to Breaking Free from Anxiety, Phobias, and Worry Using Acceptance and Commitment Therapy. Price: Â£23.89. Status: In stock",http://books.toscrape.com/
The Life-Changing Magic of Tidying Up: The Japanese Art of Decluttering and Organizing,The Life-Changing Magic of Tidying Up: The Japanese Art of Decluttering and Organizing. Price: Â£16.77. Status: In stock,http://books.toscrape.com/
"The Inefficiency Assassin: Time Management Tactics for Working Smarter, Not Longer","The Inefficiency Assassin: Time Management Tactics for Working Smarter, Not Longer. Price: Â£20.59. Status: In stock",http://books.toscrape.com/
The Gutsy Girl: Escapades for Your Life of Epic Adventure,The Gutsy Girl: Escapades for Your Life of Epic Adventure. Price: Â£37.13. Status: In stock,http://books.toscrape.com/
The Electric Pencil: Drawings from Inside State Hospital No. 3,The Electric Pencil: Drawings from Inside State Hospital No. 3. Price: Â£56.06. Status: In stock,http://books.toscrape.com/
The Death of Humanity: and the Case for Life,The Death of Humanity: and the Case for Life. Price: Â£58.11. Status: In stock,http://books.toscrape.com/
"The Bulletproof Diet: Lose up to a Pound a Day, Reclaim Energy and Focus, Upgrade Your Life","The Bulletproof Diet: Lose up to a Pound a Day, Reclaim Energy and Focus, Upgrade Your Life. Price: Â£49.05. Status: In stock",http://books.toscrape.com/
The Art Forger,The Art Forger. Price: Â£40.76. Status: In stock,http://books.toscrape.com/
The Age of Genius: The Seventeenth Century and the Birth of the Modern Mind,The Age of Genius: The Seventeenth Century and the Birth of the Modern Mind. Price: Â£19.73. Status: In stock,http://books.toscrape.com/
The Activist's Tao Te Ching: Ancient Advice for a Modern Revolution,The Activist's Tao Te Ching: Ancient Advice for a Modern Revolution. Price: Â£32.24. Status: In stock,http://books.toscrape.com/
Spark Joy: An Illustrated Master Class on the Art of Organizing and Tidying Up,Spark Joy: An Illustrated Master Class on the Art of Organizing and Tidying Up. Price: Â£41.83. Status: In stock,http://books.toscrape.com/
Soul Reader,Soul Reader. Price: Â£39.58. Status: In stock,http://books.toscrape.com/
Security,Security. Price: Â£39.25. Status: In stock,http://books.toscrape.com/
"Saga, Volume 6 (Saga (Collected Editions) #6)","Saga, Volume 6 (Saga (Collected Editions) #6). Price: Â£25.02. Status: In stock",http://books.toscrape.com/
"Saga, Volume 5 (Saga (Collected Editions) #5)","Saga, Volume 5 (Saga (Collected Editions) #5). Price: Â£51.04. Status: In stock",http://books.toscrape.com/
Reskilling America: Learning to Labor in the Twenty-First Century,Reskilling America: Learning to Labor in the Twenty-First Century. Price: Â£19.83. Status: In stock,http://books.toscrape.com/
"Rat Queens, Vol. 3: Demons (Rat Queens (Collected Editions) #11-15)","Rat Queens, Vol. 3: Demons (Rat Queens (Collected Editions) #11-15). Price: Â£50.40. Status: In stock",http://books.toscrape.com/
"Princess Jellyfish 2-in-1 Omnibus, Vol. 01 (Princess Jellyfish 2-in-1 Omnibus #1)","Princess Jellyfish 2-in-1 Omnibus, Vol. 01 (Princess Jellyfish 2-in-1 Omnibus #1). Price: Â£13.61. Status: In stock",http://books.toscrape.com/
Princess Between Worlds (Wide-Awake Princess #5),Princess Between Worlds (Wide-Awake Princess #5). Price: Â£13.34. Status: In stock,http://books.toscrape.com/
"Pop Gun War, Volume 1: Gift","Pop Gun War, Volume 1: Gift. Price: Â£18.97. Status: In stock",http://books.toscrape.com/
"Political Suicide: Missteps, Peccadilloes, Bad Calls, Backroom Hijinx, Sordid Pasts, Rotten Breaks, and Just Plain Dumb Mistakes in the Annals of American Politics","Political Suicide: Missteps, Peccadilloes, Bad Calls, Backroom Hijinx, Sordid Pasts, Rotten Breaks, and Just Plain Dumb Mistakes in the Annals of American Politics. Price: Â£36.28. Status: In stock",http://books.toscrape.com/
Patience,Patience. Price: Â£10.16. Status: In stock,http://books.toscrape.com/
"Outcast, Vol. 1: A Darkness Surrounds Him (Outcast #1)","Outcast, Vol. 1: A Darkness Surrounds Him (Outcast #1). Price: Â£15.44. Status: In stock",http://books.toscrape.com/
orange: The Complete Collection 1 (orange: The Complete Collection #1),orange: The Complete Collection 1 (orange: The Complete Collection #1). Price: Â£48.41. Status: In stock,http://books.toscrape.com/
Online Marketing for Busy Authors: A Step-By-Step Guide,Online Marketing for Busy Authors: A Step-By-Step Guide. Price: Â£46.35. Status: In stock,http://books.toscrape.com/
On a Midnight Clear,On a Midnight Clear. Price: Â£14.07. Status: In stock,http://books.toscrape.com/
Obsidian (Lux #1),Obsidian (Lux #1). Price: Â£14.86. Status: In stock,http://books.toscrape.com/
My Paris Kitchen: Recipes and Stories,My Paris Kitchen: Recipes and Stories. Price: Â£33.37. Status: In stock,http://books.toscrape.com/
Masks and Shadows,Masks and Shadows. Price: Â£56.40. Status: In stock,http://books.toscrape.com/
"Mama Tried: Traditional Italian Cooking for the Screwed, Crude, Vegan, and Tattooed","Mama Tried: Traditional Italian Cooking for the Screwed, Crude, Vegan, and Tattooed. Price: Â£14.02. Status: In stock",http://books.toscrape.com/
"Lumberjanes, Vol. 2: Friendship to the Max (Lumberjanes #5-8)","Lumberjanes, Vol. 2: Friendship to the Max (Lumberjanes #5-8). Price: Â£46.91. Status: In stock",http://books.toscrape.com/
"Lumberjanes, Vol. 1: Beware the Kitten Holy (Lumberjanes #1-4)","Lumberjanes, Vol. 1: Beware the Kitten Holy (Lumberjanes #1-4). Price: Â£45.61. Status: In stock",http://books.toscrape.com/
Lumberjanes Vol. 3: A Terrible Plan (Lumberjanes #9-12),Lumberjanes Vol. 3: A Terrible Plan (Lumberjanes #9-12). Price: Â£19.92. Status: In stock,http://books.toscrape.com/
"Layered: Baking, Building, and Styling Spectacular Cakes","Layered: Baking, Building, and Styling Spectacular Cakes. Price: Â£40.11. Status: In stock",http://books.toscrape.com/
Judo: Seven Steps to Black Belt (an Introductory Guide for Beginners),Judo: Seven Steps to Black Belt (an Introductory Guide for Beginners). Price: Â£53.90. Status: In stock,http://books.toscrape.com/
Join,Join. Price: Â£35.67. Status: In stock,http://books.toscrape.com/
In the Country We Love: My Family Divided,In the Country We Love: My Family Divided. Price: Â£22.00. Status: In stock,http://books.toscrape.com/
